NAME,geometry
HERVEY BAY AERODROME,"LINESTRING (17019436.161869947 -2915603.032329977, 17017991.235104203 -2914828.411985341)"
HERVEY BAY AERODROME,"LINESTRING (17019436.161869947 -2915603.032329977, 17017991.235104203 -2914828.411985341)"
MARYBOROUGH AIRPORT,"LINESTRING (17000555.262296345 -2939311.8668939373, 17000063.230237514 -2938923.3165193903)"
MARYBOROUGH AIRPORT,"LINESTRING (17000063.230237514 -2938923.3165193903, 16999783.818367004 -2938702.525770017)"
MARYBOROUGH AIRPORT,"LINESTRING (17000063.230237514 -2938923.3165193903, 16999938.552518785 -2938014.2719326336)"
MARYBOROUGH AIRPORT,"LINESTRING (17000179.0024052 -2939764.5716739246, 17000063.230237514 -2938923.3165193903)"
MARYBOROUGH AIRPORT,"LINESTRING (17000555.262296345 -2939311.8668939373, 17000063.230237514 -2938923.3165193903)"
MARYBOROUGH AIRPORT,"LINESTRING (17000063.230237514 -2938923.3165193903, 16999783.818367004 -2938702.525770017)"
MARYBOROUGH AIRPORT,"LINESTRING (17000179.0024052 -2939764.5716739246, 17000063.230237514 -2938923.3165193903)"
MARYBOROUGH AIRPORT,"LINESTRING (17000063.230237514 -2938923.3165193903, 16999938.552518785 -2938014.2719326336)"
,"LINESTRING (16759360.33200676 -4155113.4994186508, 16757654.917471118 -4156866.673028973)"
,"LINESTRING (16758988.524760658 -4156959.024608104, 16757654.917471118 -4156866.673028973)"
,"LINESTRING (16757654.917471118 -4156866.673028973, 16756536.156765554 -4156783.828890469)"
,"LINESTRING (16776247.493057821 -4183781.536742943, 16775453.785216888 -4183703.9372002725)"
,"LINESTRING (16775453.785216888 -4183703.9372002725, 16774459.702324139 -4183614.0857688556)"
,"LINESTRING (16775305.73037831 -4183145.7816861956, 16775453.785216888 -4183703.9372002725)"
,"LINESTRING (16775453.785216888 -4183703.9372002725, 16775787.743498873 -4184967.3784184083)"
LEIGH CREEK AERODROME,"LINESTRING (15409458.12309542 -3580380.3518316243, 15409608.404399687 -3580125.5857215417)"
LEIGH CREEK AERODROME,"LINESTRING (15409339.0112597 -3580307.9304739037, 15409458.12309542 -3580380.3518316243)"
LEIGH CREEK AERODROME,"LINESTRING (15409458.12309542 -3580380.3518316243, 15411006.576960156 -3581312.8142017955)"
LEIGH CREEK AERODROME,"LINESTRING (15408894.846503178 -3581334.8008741857, 15409458.12309542 -3580380.3518316243)"
QUILPIE AERODROME,"LINESTRING (16057894.107800214 -3074699.186551247, 16059504.900646359 -3074819.9586845962)"
MILINGIMBI AERODROME,"LINESTRING (15015584.273772147 -1356238.018194494, 15016891.164520534 -1356869.8681599656)"
RAMINGINING AEORODROME,"LINESTRING (15015421.746590046 -1386392.5517591648, 15016837.730447205 -1386435.8565047719)"
MANINGRIDA AERODROME,"LINESTRING (14942682.25579252 -1351669.7328094456, 14943483.756061707 -1353017.4931985394)"
GROOTE EYLANDT AERODROME,"LINESTRING (15189507.605369555 -1570872.0251144026, 15191438.998422807 -1571202.4002416353)"
GROOTE EYLANDT AERODROME,"LINESTRING (15189507.605369555 -1570872.0251144026, 15191438.998422807 -1571202.4002416353)"
GROOTE EYLANDT AERODROME,"LINESTRING (15189507.605369555 -1570872.0251144026, 15191438.998422807 -1571202.4002416353)"
GOVE AERODROME,"LINESTRING (15230384.126643192 -1376313.3849998643, 15232029.428599888 -1377636.0403206674)"
PORT LINCOLN AERODROME,"LINESTRING (15125759.307207277 -4111355.6678586793, 15126273.60323651 -4109600.147209836)"
TENNANT CREEK AERODROME,"LINESTRING (14936507.34465466 -2229761.790605119, 14937737.424938262 -2229410.764867941)"
TENNANT CREEK AERODROME,"LINESTRING (14936406.043927427 -2229702.694901655, 14936507.34465466 -2229761.790605119)"
TENNANT CREEK AERODROME,"LINESTRING (14935734.78744488 -2229982.8101404062, 14936502.891875356 -2229762.972520915, 14936507.34465466 -2229761.790605119)"
TENNANT CREEK AERODROME,"LINESTRING (14936507.34465466 -2229761.790605119, 14937372.297017995 -2230264.111513571)"
NGUKURR AERODROME,"LINESTRING (14999299.339002077 -1656950.534545493, 15000743.152700545 -1657600.8414642806)"
LAKE EVELLA AERODROME,"LINESTRING (15118359.987773618 -1402432.1528158786, 15117353.659622166 -1402470.9200793689)"
ELCHO ISLAND AERODROME,"LINESTRING (15091363.900798153 -1347781.5987201685, 15092822.186057769 -1347985.3267351503)"
COONABARABRAN AERODROME,"LINESTRING (16616698.908607803 -3676256.1549827, 16617098.545591325 -3675612.3500212687)"
COONABARABRAN AERODROME,"LINESTRING (16615100.361024268 -3675298.2790774046, 16616579.796766698 -3676271.794379073)"
DUBBO AERODROME,"LINESTRING (16539670.27271927 -3791811.5864242944, 16540204.606239818 -3791423.438604665)"
DUBBO AERODROME,"LINESTRING (16539161.542746373 -3791495.8040999398, 16539670.27271927 -3791811.5864242944)"
DUBBO AERODROME,"LINESTRING (16539670.27271927 -3791811.5864242944, 16540251.360346954 -3792172.114768258)"
DUBBO AERODROME,"LINESTRING (16538569.323028257 -3792608.973656817, 16539670.27271927 -3791811.5864242944)"
DUBBO AERODROME,"LINESTRING (16539670.27271927 -3791811.5864242944, 16540204.606239818 -3791423.438604665)"
DUBBO AERODROME,"LINESTRING (16539161.542746373 -3791495.8040999398, 16539670.27271927 -3791811.5864242944)"
DUBBO AERODROME,"LINESTRING (16539670.27271927 -3791811.5864242944, 16540251.360346954 -3792172.114768258)"
DUBBO AERODROME,"LINESTRING (16538569.323028257 -3792608.973656817, 16539670.27271927 -3791811.5864242944)"
MUDGEE AERODROME,"LINESTRING (16655137.50741944 -3837119.488858078, 16654832.492032384 -3837355.9131482258)"
MUDGEE AERODROME,"LINESTRING (16654832.492032384 -3837355.9131482258, 16653508.903364047 -3838379.5922947363)"
MUDGEE AERODROME,"LINESTRING (16654679.984455323 -3836334.963681102, 16654832.492032384 -3837355.9131482258)"
MUDGEE AERODROME,"LINESTRING (16654832.492032384 -3837355.9131482258, 16654869.227434315 -3837600.267267966)"
COOBER PEDY AERODROME,"LINESTRING (14997626.162409605 -3380193.978716057, 14996368.252292886 -3381299.176862975)"
,"LINESTRING (16903302.01083253 -3869185.582304387, 16901090.093064588 -3867302.4592497754)"
,"LINESTRING (16148243.113724379 -4439117.497509119, 16148816.409061857 -4438456.822606738)"
,"LINESTRING (16148243.113724379 -4439117.497509119, 16148816.409061857 -4438456.822606738)"
MELBOURNE AIRPORT,"LINESTRING (16123160.602452306 -4531720.633531808, 16122985.83098253 -4530536.681100618)"
MELBOURNE AIRPORT,"LINESTRING (16121569.847214699 -4531591.263889571, 16123160.602452306 -4531720.633531808)"
MELBOURNE AIRPORT,"LINESTRING (16123160.602452306 -4531720.633531808, 16124427.418029822 -4531824.692884751)"
MELBOURNE AIRPORT,"LINESTRING (16123662.652977718 -4535148.103250097, 16123160.602452306 -4531720.633531808)"
MELBOURNE AIRPORT,"LINESTRING (16123662.652977718 -4535148.103250097, 16123160.602452306 -4531720.633531808)"
MELBOURNE AIRPORT,"LINESTRING (16123160.602452306 -4531720.633531808, 16122985.83098253 -4530536.681100618)"
MELBOURNE AIRPORT,"LINESTRING (16121569.847214699 -4531591.263889571, 16123160.602452306 -4531720.633531808)"
MELBOURNE AIRPORT,"LINESTRING (16123160.602452306 -4531720.633531808, 16124427.418029822 -4531824.692884751)"
ESSENDON AIRPORT,"LINESTRING (16130383.008929146 -4541543.337954054, 16131811.237753287 -4541489.852307862)"
ESSENDON AIRPORT,"LINESTRING (16130383.008929146 -4541543.337954054, 16130328.462516788 -4540035.988898385)"
ESSENDON AIRPORT,"LINESTRING (16129514.717048556 -4541575.710978227, 16130383.008929146 -4541543.337954054)"
ESSENDON AIRPORT,"LINESTRING (16130398.593617061 -4541989.532568143, 16130383.008929146 -4541543.337954054)"
ESSENDON AIRPORT,"LINESTRING (16130383.008929146 -4541543.337954054, 16131811.237753287 -4541489.852307862)"
ESSENDON AIRPORT,"LINESTRING (16130383.008929146 -4541543.337954054, 16130328.462516788 -4540035.988898385)"
ESSENDON AIRPORT,"LINESTRING (16129514.717048556 -4541575.710978227, 16130383.008929146 -4541543.337954054)"
ESSENDON AIRPORT,"LINESTRING (16130398.593617061 -4541989.532568143, 16130383.008929146 -4541543.337954054)"
,"LINESTRING (16113982.308808094 -4569671.268308883, 16114197.155404225 -4569477.917076921)"
,"LINESTRING (16113982.308808094 -4569671.268308883, 16113903.272062948 -4568734.183417025)"
,"LINESTRING (16114046.874035599 -4570447.532232588, 16113982.308808094 -4569671.268308883)"
,"LINESTRING (16113147.412708873 -4570426.360551066, 16113982.308808094 -4569671.268308883)"
,"LINESTRING (16113982.308808094 -4569671.268308883, 16114197.155404225 -4569477.917076921)"
,"LINESTRING (16113982.308808094 -4569671.268308883, 16113903.272062948 -4568734.183417025)"
,"LINESTRING (16114046.874035599 -4570447.532232588, 16113982.308808094 -4569671.268308883)"
,"LINESTRING (16113147.412708873 -4570426.360551066, 16113982.308808094 -4569671.268308883)"
MOORABBIN AIRPORT,"LINESTRING (16152420.921754599 -4575662.7123038415, 16152403.110660482 -4575417.000812853)"
MOORABBIN AIRPORT,"LINESTRING (16152334.092576971 -4575546.916500905, 16152420.921754599 -4575662.7123038415)"
MOORABBIN AIRPORT,"LINESTRING (16152989.764231343 -4575915.49059585, 16152763.785686472 -4576123.084021841)"
MOORABBIN AIRPORT,"LINESTRING (16152420.921754599 -4575662.7123038415, 16152763.785686472 -4576123.084021841)"
MOORABBIN AIRPORT,"LINESTRING (16152763.785686472 -4576123.084021841, 16152471.01545341 -4576392.820466461)"
MOORABBIN AIRPORT,"LINESTRING (16152471.01545341 -4576392.820466461, 16152420.921754599 -4575662.7123038415)"
MOORABBIN AIRPORT,"LINESTRING (16152471.01545341 -4576392.820466461, 16152308.48901212 -4576543.932432691)"
MOORABBIN AIRPORT,"LINESTRING (16152763.785686472 -4576123.084021841, 16153158.969763504 -4576656.914866435)"
MOORABBIN AIRPORT,"LINESTRING (16152519.995960921 -4577083.434318132, 16152471.01545341 -4576392.820466461)"
MOORABBIN AIRPORT,"LINESTRING (16152763.785686472 -4576123.084021841, 16153158.969763504 -4576656.914866435)"
MOORABBIN AIRPORT,"LINESTRING (16152519.995960921 -4577083.434318132, 16152471.01545341 -4576392.820466461)"
MOORABBIN AIRPORT,"LINESTRING (16152420.921754599 -4575662.7123038415, 16152403.110660482 -4575417.000812853)"
MOORABBIN AIRPORT,"LINESTRING (16152334.092576971 -4575546.916500905, 16152420.921754599 -4575662.7123038415)"
MOORABBIN AIRPORT,"LINESTRING (16152989.764231343 -4575915.49059585, 16152763.785686472 -4576123.084021841)"
MOORABBIN AIRPORT,"LINESTRING (16152420.921754599 -4575662.7123038415, 16152763.785686472 -4576123.084021841)"
MOORABBIN AIRPORT,"LINESTRING (16152763.785686472 -4576123.084021841, 16152471.01545341 -4576392.820466461)"
MOORABBIN AIRPORT,"LINESTRING (16152471.01545341 -4576392.820466461, 16152420.921754599 -4575662.7123038415)"
MOORABBIN AIRPORT,"LINESTRING (16152471.01545341 -4576392.820466461, 16152308.48901212 -4576543.932432691)"
WYNDHAM AERODROME,"LINESTRING (14265548.089582436 -1747341.6469507792, 14265539.184024274 -1747456.0151082554)"
WYNDHAM AERODROME,"LINESTRING (14265481.29789239 -1747415.5818589267, 14265539.184024274 -1747456.0151082554)"
WYNDHAM AERODROME,"LINESTRING (14265539.184024274 -1747456.0151082554, 14266834.94282259 -1748370.9801003858)"
WYNDHAM AERODROME,"LINESTRING (14265539.184024274 -1747456.0151082554, 14265421.185378276 -1748898.9493670398)"
KUNUNURRA AERODROME,"LINESTRING (14327035.406653604 -1778519.8618393696, 14328686.274601752 -1779466.1060573794)"
LAKE CARGELLIGO AERODROME,"LINESTRING (16293747.727944087 -3933139.324745176, 16294354.419107815 -3932835.713816719, 16294366.664250612 -3932829.055771098, 16295262.786061317 -3932380.3122938424)"
LAKE CARGELLIGO AERODROME,"LINESTRING (16293747.727944087 -3933139.324745176, 16294354.419107815 -3932835.713816719, 16294366.664250612 -3932829.055771098, 16295262.786061317 -3932380.3122938424)"
EMERALD AERODROME,"LINESTRING (16495098.05387758 -2701086.2952935854, 16496296.964719623 -2700664.8629701054)"
EMERALD AERODROME,"LINESTRING (16494352.213335188 -2701348.6334290477, 16495098.05387758 -2701086.2952935854)"
EMERALD AERODROME,"LINESTRING (16495098.05387758 -2701086.2952935854, 16494784.132991651 -2700522.7685330925)"
CAMBRIDGE AERODROME,"LINESTRING (16417810.921645127 -5286210.290610296, 16417219.815289492 -5286032.695404219)"
CAMBRIDGE AERODROME,"LINESTRING (16416672.123631144 -5284871.579174684, 16417079.552791806 -5285733.675265648, 16417219.815289492 -5286032.695404219)"
CAMBRIDGE AERODROME,"LINESTRING (16417219.815289492 -5286032.695404219, 16417250.984733546 -5286097.96502652)"
CAMBRIDGE AERODROME,"LINESTRING (16417219.815289492 -5286032.695404219, 16416688.821444577 -5285873.3179531945, 16416546.33253019 -5285830.817756731)"
HOBART AIRPORT,"LINESTRING (16422018.797324052 -5288156.468372003, 16419855.860295659 -5285975.015936993)"
,"LINESTRING (16832436.03485907 -3849351.08399873, 16832513.958548214 -3848839.419654736)"
,"LINESTRING (16832513.958548214 -3848839.419654736, 16832611.9197585 -3848186.3195639174)"
,"LINESTRING (16832439.3745232 -3848623.9190661544, 16832513.958548214 -3848839.419654736)"
,"LINESTRING (16832513.958548214 -3848839.419654736, 16832616.37243283 -3849139.540515861)"
CROKER ISLAND AERODROME,"LINESTRING (14747375.558878675 -1249999.3659900478, 14748465.37663381 -1251122.6804631902)"
MAROOCHYDORE AERODROME,"LINESTRING (17041885.943766322 -3074928.371977686, 17042072.96057531 -3074176.359250755, 17042076.300161213 -3074162.6640229053)"
MAROOCHYDORE AERODROME,"LINESTRING (17041498.55211243 -3073723.1786258323, 17042076.300161213 -3074162.6640229053)"
MAROOCHYDORE AERODROME,"LINESTRING (17042076.300161213 -3074162.6640229053, 17042372.410109293 -3072967.4948564223)"
KINGAROY AERODROME,"LINESTRING (16902578.521513674 -3070367.087902496, 16902919.158929944 -3072163.2867063098)"
COROWA AERODROME,"LINESTRING (16291057.10354174 -4300556.277610615, 16292312.787277794 -4299653.674788974)"
COROWA AERODROME,"LINESTRING (16292312.787277794 -4299653.674788974, 16292829.309665598 -4299283.574297158)"
COROWA AERODROME,"LINESTRING (16291230.762136644 -4298158.215838874, 16292312.787277794 -4299653.674788974)"
COROWA AERODROME,"LINESTRING (16292210.373347389 -4299822.907111991, 16292781.442280529 -4299412.9016711665)"
COROWA AERODROME,"LINESTRING (16292210.373347389 -4299822.907111991, 16291122.782238707 -4298260.01606008)"
COROWA AERODROME,"LINESTRING (16290937.991689289 -4300737.907995793, 16292210.373347389 -4299822.907111991)"
BORROLOOLA AERODROME,"LINESTRING (15172867.561198846 -1814088.2710566272, 15173374.064888263 -1812882.2770789163)"
MCARTHUR RIVER MINE AERODROME,"LINESTRING (15147968.730962148 -1856222.119954942, 15149438.148163743 -1855661.5227915093)"
JACKSON AERODROME,"LINESTRING (15852439.530510636 -3203359.3698335043, 15852646.584598932 -3205556.0303563206)"
TOWNSVILLE INTERNATIONAL AIRPORT,"LINESTRING (16336772.85065424 -2185052.7142004785, 16337991.799016248 -2184711.9397664485)"
TOWNSVILLE INTERNATIONAL AIRPORT,"LINESTRING (16338850.072362926 -2182986.9345668852, 16337791.423897993 -2185342.790065839)"
CLEVE AERODROME,"LINESTRING (15195111.343683591 -3989884.9587076236, 15195472.018778142 -3989888.9733200837, 15196669.816314459 -3989899.678969512)"
CLEVE AERODROME,"LINESTRING (15194828.592220562 -3989882.2822984317, 15195111.343683591 -3989884.9587076236)"
COWELL AERODROME,"LINESTRING (15238334.469193533 -3983347.0402779207, 15238426.86427842 -3985258.3987923935)"
PORT PIRIE AERODROME,"LINESTRING (15361118.738169504 -3926939.4464530773, 15362090.557178149 -3926939.4464984722)"
PORT PIRIE AERODROME,"LINESTRING (15361775.523044538 -3927414.5998933157, 15362090.557173034 -3927049.914607685)"
PORT PIRIE AERODROME,"LINESTRING (15361118.738169504 -3926939.4464530773, 15361118.738188954 -3926518.8786698105)"
PORT PIRIE AERODROME,"LINESTRING (15361118.738169504 -3926939.4464530773, 15361118.738127887 -3927839.1931351107)"
PORT PIRIE AERODROME,"LINESTRING (15362090.557178149 -3926939.4464984722, 15362361.063500144 -3926939.446511116)"
STREAKY BAY AERODROME,"LINESTRING (14948809.219160117 -3873100.971571267, 14950039.299321592 -3874119.805565571)"
CEDUNA AERODROME,"LINESTRING (14883207.542112818 -3780127.8253858024, 14885114.444695208 -3780853.4481031243)"
WHYALLA AIRPORT,"LINESTRING (15307128.794292739 -3903150.6533940784, 15308471.307194466 -3902161.169091286)"
WHYALLA AIRPORT,"LINESTRING (15308471.307194466 -3902161.169091286, 15308554.796802944 -3902096.0918498766)"
WHYALLA AIRPORT,"LINESTRING (15308461.288446091 -3902062.8893091865, 15308471.307194466 -3902161.169091286)"
WHYALLA AIRPORT,"LINESTRING (15308471.307194466 -3902161.169091286, 15308672.795357801 -3904100.3715705033)"
,"LINESTRING (12896589.061549714 -3693506.7550374437, 12899062.580246504 -3692848.991581342)"
,"LINESTRING (12914684.043905945 -3719710.392480279, 12915536.751030477 -3718852.4199969866, 12915517.826718468 -3718832.8024346586)"
,"LINESTRING (12914621.704959115 -3719068.2153449804, 12914684.043905945 -3719710.392480279)"
,"LINESTRING (12914519.291093485 -3719877.8088096995, 12914684.043905945 -3719710.392480279)"
,"LINESTRING (12914081.805584658 -3720321.211641589, 12914519.291093485 -3719877.8088096995)"
,"LINESTRING (12914717.439889222 -3721926.2296455856, 12914519.291093485 -3719877.8088096995)"
,"LINESTRING (12914684.043905945 -3719710.392480279, 12914927.833697157 -3721927.537801766)"
THARGOMINDAH AERODROME,"LINESTRING (16009656.025990238 -3247882.849502646, 16008607.39660094 -3246597.026852651)"
THARGOMINDAH AERODROME,"LINESTRING (16009656.025990238 -3247882.849502646, 16008607.39660094 -3246597.026852651)"
LEONORA AERODROME,"LINESTRING (13505206.015273524 -3359564.9564762656, 13504621.588050228 -3360350.5964256683)"
LEONORA AERODROME,"LINESTRING (13504621.588050228 -3360350.5964256683, 13503680.938519416 -3361613.057541993)"
LEONORA AERODROME,"LINESTRING (13504621.588050228 -3360350.5964256683, 13505016.772205956 -3360724.363850916)"
LEONORA AERODROME,"LINESTRING (13503969.255894475 -3359731.4879436204, 13504621.588050228 -3360350.5964256683)"
ORANGE AERODROME,"LINESTRING (16600429.540301682 -3945600.909043955, 16602068.162852786 -3946788.739795194)"
ORANGE AERODROME,"LINESTRING (16601054.042627659 -3944891.734954712, 16600313.76806107 -3945468.935368953)"
COWRA AERODROME,"LINESTRING (16547096.37378593 -4007140.712440646, 16547293.409197187 -4007733.102089729)"
COWRA AERODROME,"LINESTRING (16547293.409197187 -4007733.102089729, 16547305.6543358 -4007769.289780812, 16547795.459878324 -4009236.9980680463)"
COWRA AERODROME,"LINESTRING (16546828.093741836 -4008253.1435349733, 16547293.409197187 -4007733.102089729)"
COWRA AERODROME,"LINESTRING (16547293.409197187 -4007733.102089729, 16547888.968452042 -4007069.681431596)"
BATHURST AERODROME,"LINESTRING (16659079.318559902 -3948716.7298743073, 16659126.07266586 -3949427.471646239)"
BATHURST AERODROME,"LINESTRING (16659126.07266586 -3949427.471646239, 16659129.412244314 -3949483.4794178642, 16659209.562138796 -3950715.718913771)"
BATHURST AERODROME,"LINESTRING (16658888.962184431 -3949424.8045915035, 16659126.07266586 -3949427.471646239)"
BATHURST AERODROME,"LINESTRING (16659126.07266586 -3949427.471646239, 16660469.698727058 -3949444.8074963926)"
HAY AERODROME,"LINESTRING (16122929.093854904 -4099902.4493879196, 16122521.66454562 -4100337.5472297887)"
HAY AERODROME,"LINESTRING (16122521.66454562 -4100337.5472297887, 16121715.711485758 -4101198.33383336)"
HAY AERODROME,"LINESTRING (16122521.66454562 -4100337.5472297887, 16122636.323582666 -4100594.289903325)"
HAY AERODROME,"LINESTRING (16122063.02839311 -4099363.329635123, 16122081.952700347 -4099403.8640531427)"
HAY AERODROME,"LINESTRING (16122081.952700347 -4099403.8640531427, 16122521.66454562 -4100337.5472297887)"
MOUNT ISA AERODROME,"LINESTRING (15527510.261478081 -2350727.1451139716, 15527662.769134868 -2351429.0587012693, 15528102.480991982 -2353452.8638603985)"
,"LINESTRING (15230036.728910064 -3650318.140663702, 15229772.90164509 -3653079.4914196148)"
MORUYA AERODROME,"LINESTRING (16714333.816841299 -4286803.892265699, 16714110.064682474 -4286961.930492489)"
MORUYA AERODROME,"LINESTRING (16714110.064682474 -4286961.930492489, 16713488.901973711 -4287393.455257577)"
MORUYA AERODROME,"LINESTRING (16714459.608029602 -4285124.705881997, 16714110.064682474 -4286961.930492489)"
MORUYA AERODROME,"LINESTRING (16714110.064682474 -4286961.930492489, 16714082.234797768 -4287111.725386526)"
WOLLONGONG AERODROME,"LINESTRING (16784937.099975646 -4104535.413584818, 16785611.695983957 -4104593.5397563186)"
WOLLONGONG AERODROME,"LINESTRING (16785611.695983957 -4104593.5397563186, 16786534.534418188 -4104669.2394119105)"
WOLLONGONG AERODROME,"LINESTRING (16785326.718294248 -4103101.281165537, 16785611.695983957 -4104593.5397563186)"
WOLLONGONG AERODROME,"LINESTRING (16785611.695983957 -4104593.5397563186, 16785735.260528583 -4105245.113322666)"
CORRYONG AERODROME,"LINESTRING (16461846.776053919 -4326176.969147195, 16463561.095991047 -4325630.805574742)"
NARROMINE AERODROME,"LINESTRING (16499001.928804247 -3790755.0603235103, 16500424.591617675 -3791640.532848311)"
NARROMINE AERODROME,"LINESTRING (16500098.425531192 -3791882.6347439685, 16500424.591617675 -3791640.532848311)"
NARROMINE AERODROME,"LINESTRING (16500424.591617675 -3791640.532848311, 16500468.006216282 -3791607.6389469644, 16501411.995436218 -3790903.7311337446)"
NARROMINE AERODROME,"LINESTRING (16500424.591617675 -3791640.532848311, 16501157.073723515 -3792095.7938590944)"
LOCKHART RIVER AERODROME,"LINESTRING (15953482.10747233 -1435907.4914920302, 15951963.709751401 -1434848.176146719)"
NHILL AERODROME,"LINESTRING (15767459.281866295 -4343345.500046231, 15767618.468709162 -4343381.41737896)"
NHILL AERODROME,"LINESTRING (15767618.468709162 -4343381.41737896, 15768669.324511152 -4343616.264430115)"
NHILL AERODROME,"LINESTRING (15767618.468709162 -4343381.41737896, 15767690.826401893 -4342848.195605751)"
NHILL AERODROME,"LINESTRING (15767499.356815748 -4344247.613678413, 15767618.468709162 -4343381.41737896)"
HORSHAM AERODROME,"LINESTRING (15826437.447973361 -4393094.051870183, 15826498.673682967 -4393094.051874517)"
HORSHAM AERODROME,"LINESTRING (15826498.673682967 -4393094.051874517, 15828083.86296384 -4393102.379124064)"
HORSHAM AERODROME,"LINESTRING (15826498.673682967 -4393094.051874517, 15826522.050699031 -4394134.994358807)"
WARRACKNABEAL AERODROME,"LINESTRING (15853411.272662189 -4345047.566172755, 15853966.756831516 -4345010.261686659)"
WARRACKNABEAL AERODROME,"LINESTRING (15853966.756831516 -4345010.261686659, 15855108.894622615 -4344932.889830525)"
WARRACKNABEAL AERODROME,"LINESTRING (15853985.681123924 -4345261.724326364, 15853966.756831516 -4345010.261686659)"
WARRACKNABEAL AERODROME,"LINESTRING (15853966.756831516 -4345010.261686659, 15853913.323534226 -4344315.315809852)"
REDCLIFFE AIRPORT,"LINESTRING (17040033.579348978 -3149156.9660459636, 17039105.174868383 -3149387.273679356)"
REDCLIFFE AIRPORT,"LINESTRING (17040033.579348978 -3149156.9660459636, 17039105.174868383 -3149387.273679356)"
BRISBANE AIRPORT,"LINESTRING (17044995.085744098 -3173974.5043950034, 17046851.89506431 -3170304.830240415)"
ARCHERFIELD AIRPORT,"LINESTRING (17033137.3324517 -3195431.5438780948, 17031567.727857854 -3194921.679322706)"
ARCHERFIELD AIRPORT,"LINESTRING (17032834.543459974 -3195515.685838024, 17031679.047311064 -3195150.2368958113)"
ARCHERFIELD AIRPORT,"LINESTRING (17033137.3324517 -3195431.5438780948, 17031567.727857854 -3194921.679322706)"
ARCHERFIELD AIRPORT,"LINESTRING (17032834.543459974 -3195515.685838024, 17031679.047311064 -3195150.2368958113)"
SOUTHPORT AERODROME,"LINESTRING (17072944.059850927 -3239630.586129983, 17073413.828159165 -3238679.390732858)"
COOLANGATTA AIRPORT,"LINESTRING (17088307.257630367 -3269869.1961127394, 17088318.38959765 -3269699.9930816116)"
COOLANGATTA AIRPORT,"LINESTRING (17087649.35964655 -3268699.9705819567, 17088307.257630367 -3269869.1961127394)"
COOLANGATTA AIRPORT,"LINESTRING (17088276.088119406 -3270365.45304365, 17088307.257630367 -3269869.1961127394)"
COOLANGATTA AIRPORT,"LINESTRING (17088307.257630367 -3269869.1961127394, 17088792.61045795 -3270729.133881143)"
SHARK BAY AERODROME,"LINESTRING (12643219.204595834 -2985232.7804081826, 12643279.317260338 -2987259.7280452107)"
CUE AERODROME,"LINESTRING (13125605.477225967 -3180962.8661374734, 13127333.155411962 -3178950.744158208)"
KOWANYAMA AERODROME,"LINESTRING (15779186.945460586 -1744878.8597917764, 15780434.836840842 -1745591.57459431)"
ALPHA AERODROME,"LINESTRING (16317626.97139521 -2710403.1476089507, 16317416.577456577 -2711907.6728038094)"
ESPERANCE AERODROME,"LINESTRING (13560044.2377515 -3985754.677084681, 13561510.315238338 -3986335.261525598)"
ESPERANCE AERODROME,"LINESTRING (13561510.315238338 -3986335.261525598, 13562211.627931347 -3986613.5243665227)"
ESPERANCE AERODROME,"LINESTRING (13561795.29307209 -3985816.2122385832, 13561510.315238338 -3986335.261525598)"
ESPERANCE AERODROME,"LINESTRING (13561510.315238338 -3986335.261525598, 13561046.113063954 -3987183.4491807334)"
COFFS HARBOUR AIRPORT,"LINESTRING (17045327.88868159 -3545276.660607423, 17043718.208824392 -3547146.775373874)"
ARMIDALE AIRPORT,"LINESTRING (16878842.92859169 -3571164.3321053884, 16877067.38281592 -3572248.612054208)"
KINGSCOTE AERODROME,"LINESTRING (15308941.059309913 -4262249.15022897, 15309650.164430426 -4260453.099715932)"
AVALON AIRPORT,"LINESTRING (16082262.937508885 -4583275.587896164, 16081745.30164722 -4587111.695788512)"
WILUNA AERODROME,"LINESTRING (13382369.413775543 -3076873.1980778333, 13383497.08015736 -3078556.8853807054)"
GRAFTON AIRPORT,"LINESTRING (17035479.463038936 -3471214.889492903, 17035339.200304046 -3472901.0470383675)"
GRAFTON AIRPORT,"LINESTRING (17035467.217913147 -3471068.7235137243, 17035282.427354623 -3473039.5397661403)"
GLEN INNES AERODROME,"LINESTRING (16885640.107873216 -3460814.309011022, 16886384.835009765 -3462360.724924302)"
PARKES AERODROME,"LINESTRING (16502105.504088249 -3912723.1775376946, 16502588.630642926 -3912378.890841353)"
PARKES AERODROME,"LINESTRING (16502105.504088249 -3912723.1775376946, 16500975.611491991 -3911945.5557842394)"
PARKES AERODROME,"LINESTRING (16502496.235419586 -3912991.701700107, 16502105.504088249 -3912723.1775376946)"
PARKES AERODROME,"LINESTRING (16500966.705780786 -3913535.415359689, 16502105.504088249 -3912723.1775376946)"
BIRCHIP AERODROME,"LINESTRING (15909210.161421677 -4300560.37396707, 15910150.81101792 -4299835.258462261)"
BIRCHIP AERODROME,"LINESTRING (15909189.010718767 -4300603.029331767, 15910119.641563077 -4299869.655637315)"
BIRCHIP AERODROME,"LINESTRING (15909210.161421677 -4300560.37396707, 15910150.81101792 -4299835.258462261)"
DONALD AERODROME,"LINESTRING (15919283.456820361 -4350230.011411029, 15920615.950891057 -4350402.802513888)"
ST ARNAUD AERODROME,"LINESTRING (15939316.506174123 -4388585.868440339, 15939160.658822317 -4389791.4742232915)"
WYCHEPROOF AERODROME,"LINESTRING (15945783.060275808 -4309394.993395007, 15945788.626358537 -4307940.875025135)"
MOUNT GAMBIER AIRPORT,"LINESTRING (15672654.040734781 -4542811.559606282, 15672577.230250932 -4543573.150509548)"
MOUNT GAMBIER AIRPORT,"LINESTRING (15671980.55786711 -4543864.568741769, 15672577.230250932 -4543573.150509548)"
MOUNT GAMBIER AIRPORT,"LINESTRING (15671536.393194677 -4543594.267434414, 15671980.55786711 -4543864.568741769)"
MOUNT GAMBIER AIRPORT,"LINESTRING (15671546.411916258 -4544075.746467262, 15671980.55786711 -4543864.568741769)"
MOUNT GAMBIER AIRPORT,"LINESTRING (15672577.230250932 -4543573.150509548, 15672514.891307699 -4544188.376415304)"
MOUNT GAMBIER AIRPORT,"LINESTRING (15671980.55786711 -4543864.568741769, 15672514.891307699 -4544188.376415304)"
MOUNT GAMBIER AIRPORT,"LINESTRING (15672514.891307699 -4544188.376415304, 15672462.571123088 -4544706.489569417)"
NARACOORTE AERODROME,"LINESTRING (15664575.593451383 -4436442.957526467, 15665873.578500045 -4436299.4259357825)"
NARACOORTE AERODROME,"LINESTRING (15665933.691015622 -4436285.490929183, 15665299.169948278 -4437536.927855339)"
NARACOORTE AERODROME,"LINESTRING (15664575.593451383 -4436442.957526467, 15665873.578500045 -4436299.4259357825)"
NARACOORTE AERODROME,"LINESTRING (15665933.691015622 -4436285.490929183, 15665299.169948278 -4437536.927855339)"
KEMPSEY AIRPORT,"LINESTRING (17004985.698982537 -3642685.1833728766, 17006556.416928597 -3641564.8636885635)"
PORT MACQUARIE AIRPORT,"LINESTRING (17016094.264075696 -3690201.4418790084, 17017017.102723762 -3688584.9410869773)"
TAREE AERODROME,"LINESTRING (16978579.59385515 -3748005.2638967396, 16977340.607938774 -3749273.057614488)"
GUNNEDAH AERODROME,"LINESTRING (16724695.503642974 -3626695.7652019234, 16726308.522750644 -3627736.850093701)"
GUNNEDAH AERODROME,"LINESTRING (16724695.503642974 -3626695.7652019234, 16726308.522750644 -3627736.850093701)"
TAMWORTH AIRPORT,"LINESTRING (16791049.702437896 -3641907.9430346233, 16791422.62264749 -3642254.9550810014, 16792031.540124025 -3642821.6324056895, 16792661.60829886 -3643409.1326670963, 16792954.378493305 -3643680.7959949947, 16793030.075729758 -3643752.2873372077)"
TAMWORTH AIRPORT,"LINESTRING (16791571.790542327 -3644173.444528529, 16790617.78272181 -3643293.449891139)"
QUIRINDI AERODROME,"LINESTRING (16754981.0729551 -3698059.948025749, 16755429.690466244 -3697852.358211953, 16755978.495510835 -3697599.0773086534, 16756153.267097075 -3697518.132973346)"
PORT KEATS AERODROME,"LINESTRING (14419455.068773098 -1603625.7544526968, 14418977.508185396 -1602242.9181077352)"
CHARLEVILLE AERODROME,"LINESTRING (16281769.826358795 -3051475.199055025, 16281816.58063925 -3050245.880517873)"
CHARLEVILLE AERODROME,"LINESTRING (16281204.32356095 -3049562.280776047, 16282613.628039787 -3051084.8883880284)"
MEEKATHARRA AERODROME,"LINESTRING (13197658.117003374 -3074550.991301794, 13195265.861431034 -3074767.6324814726)"
MEEKATHARRA AERODROME,"LINESTRING (13197658.117003374 -3074550.991301794, 13195265.861431034 -3074767.6324814726)"
MEEKATHARRA AERODROME,"LINESTRING (13197658.117003374 -3074550.991301794, 13195265.861431034 -3074767.6324814726)"
GRIFFITH AERODROME,"LINESTRING (16258682.082149154 -4063287.430229262, 16260167.083991047 -4062619.4198451336)"
GRIFFITH AERODROME,"LINESTRING (16260167.083991047 -4062619.4198451336, 16260340.74237736 -4062541.3082992043)"
GRIFFITH AERODROME,"LINESTRING (16260159.29161659 -4062748.7091288604, 16260167.083991047 -4062619.4198451336)"
GRIFFITH AERODROME,"LINESTRING (16260167.083991047 -4062619.4198451336, 16260198.253496954 -4062009.3559379703)"
NARRANDERA AERODROME,"LINESTRING (16308968.42288321 -4122268.3093656707, 16309754.338271841 -4123340.652302386)"
NARRANDERA AERODROME,"LINESTRING (16309754.338271841 -4123340.652302386, 16310126.145268656 -4123848.426240397)"
NARRANDERA AERODROME,"LINESTRING (16309188.835306423 -4123769.88895364, 16309754.338271841 -4123340.652302386)"
NARRANDERA AERODROME,"LINESTRING (16309754.338271841 -4123340.652302386, 16310204.068975158 -4123015.689121696)"
DENILIQUIN AERODROME,"LINESTRING (16134711.135369703 -4240367.085435034, 16136036.950343857 -4239763.635413115)"
DENILIQUIN AERODROME,"LINESTRING (16134948.24594014 -4239249.155305573, 16135428.032820124 -4239837.525431272)"
TOCUMWAL AERODROME,"LINESTRING (16207643.198397161 -4274559.420390532, 16208118.532541163 -4274622.564413101)"
TOCUMWAL AERODROME,"LINESTRING (16208499.245090107 -4275182.640114785, 16208574.94237655 -4274665.118211735)"
TOCUMWAL AERODROME,"LINESTRING (16208574.94237655 -4274665.118211735, 16208760.84600567 -4273403.675709842)"
TOCUMWAL AERODROME,"LINESTRING (16208946.749411067 -4274724.144700745, 16208574.94237655 -4274665.118211735)"
TOCUMWAL AERODROME,"LINESTRING (16208574.94237655 -4274665.118211735, 16207558.59560236 -4274505.885555301)"
NORMANTON AERODROME,"LINESTRING (15703379.476427339 -2000383.489008915, 15704325.691958888 -2001814.821312275)"
NORMANTON AERODROME,"LINESTRING (15703379.476427339 -2000383.489008915, 15704325.691958888 -2001814.821312275)"
KALGOORLIE-BOULDER AERODROME,"LINESTRING (13521095.76626407 -3604469.4664855124, 13520995.578775901 -3605555.3417646633)"
KALGOORLIE-BOULDER AERODROME,"LINESTRING (13520305.398018876 -3605297.4702397045, 13520995.578775901 -3605555.3417646633)"
KALGOORLIE-BOULDER AERODROME,"LINESTRING (13520995.578775901 -3605555.3417646633, 13520981.107249737 -3605709.5489106863)"
KALGOORLIE-BOULDER AERODROME,"LINESTRING (13520995.578775901 -3605555.3417646633, 13522417.128496418 -3606087.947588248)"
NARRABRI AERODROME,"LINESTRING (16679859.366433246 -3544052.8125486583, 16678453.401456606 -3543889.045180986)"
NARRABRI AERODROME,"LINESTRING (16678723.907774933 -3543993.4949255353, 16678328.7234575 -3545726.7125238115)"
BUSSELTON AERODROME,"LINESTRING (12847025.198001025 -3985889.824663523, 12846072.303438688 -3987857.800178942)"
SNOWY MOUNTAINS AIRPORT,"LINESTRING (16583272.942250594 -4343168.748558553, 16583842.898223983 -4340556.818042146)"
FORBES AERODROME,"LINESTRING (16466491.06154143 -3943426.854469938, 16467962.70497423 -3943681.426976513)"
WEST WYALONG AERODROME,"LINESTRING (16386109.48815813 -4019926.7712214566, 16385423.760126064 -4020684.8636769434)"
WEST WYALONG AERODROME,"LINESTRING (16384064.549364155 -4020467.4938255735, 16385423.760126064 -4020684.8636769434)"
WEST WYALONG AERODROME,"LINESTRING (16385423.760126064 -4020684.8636769434, 16386082.771404626 -4020789.524710608)"
WEST WYALONG AERODROME,"LINESTRING (16384168.076474693 -4020474.202715478, 16386105.035301482 -4020768.055717123)"
GERALDTON AERODROME,"LINESTRING (12768723.035873221 -3350769.7796011646, 12769422.122041212 -3348616.662317039)"
LAVERTON AERODROME,"LINESTRING (13629770.282156764 -3326253.765783453, 13627847.794815818 -3326971.4933245666)"
HORN ISLAND AERODROME,"LINESTRING (15840187.828146294 -1185620.4221051685, 15839813.794696651 -1185157.2395179432, 15839441.98763654 -1184697.4604693174)"
HORN ISLAND AERODROME,"LINESTRING (15839813.794696651 -1185157.2395179432, 15838462.376121102 -1185269.3539700331)"
HORN ISLAND AERODROME,"LINESTRING (15839813.794696651 -1185157.2395179432, 15839441.98763654 -1184697.4604693174)"
HORN ISLAND AERODROME,"LINESTRING (15840187.828146294 -1185620.4221051685, 15839813.794696651 -1185157.2395179432)"
BUNDABERG AIRPORT,"LINESTRING (16955830.44300729 -2863039.455403051, 16956759.960510526 -2864507.309369096)"
LIGHTNING RIDGE AERODROME,"LINESTRING (16473269.351942832 -3433576.7366159675, 16473793.666724652 -3433093.4979809658)"
LIGHTNING RIDGE AERODROME,"LINESTRING (16473458.595047913 -3433644.4937609127, 16473269.351942832 -3433576.7366159675)"
LIGHTNING RIDGE AERODROME,"LINESTRING (16473269.351942832 -3433576.7366159675, 16471936.857844071 -3433099.889738331)"
LIGHTNING RIDGE AERODROME,"LINESTRING (16472984.374057233 -3433838.8180083046, 16473269.351942832 -3433576.7366159675)"
COLLARENEBRI AERODROME,"LINESTRING (16540155.659033384 -3442202.6432142607, 16539633.570638686 -3442696.4563557897)"
COLLARENEBRI AERODROME,"LINESTRING (16539633.570638686 -3442696.4563557897, 16539416.497638704 -3442902.430617869)"
COLLARENEBRI AERODROME,"LINESTRING (16539599.061560772 -3443121.201941646, 16539633.570638686 -3442696.4563557897)"
COLLARENEBRI AERODROME,"LINESTRING (16539633.570638686 -3442696.4563557897, 16539712.607558664 -3441728.0373672773)"
COLLARENEBRI AERODROME,"LINESTRING (16539599.061560772 -3443121.201941646, 16539634.683834545 -3442684.9423623024)"
COLLARENEBRI AERODROME,"LINESTRING (16539634.683834545 -3442684.9423623024, 16539712.607558664 -3441728.0373672773)"
COLLARENEBRI AERODROME,"LINESTRING (16539451.006681101 -3442855.0946263135, 16539634.683834545 -3442684.9423623024)"
COLLARENEBRI AERODROME,"LINESTRING (16539634.683834545 -3442684.9423623024, 16540006.490920886 -3442340.806650698)"
GOODOOGA AERODROME,"LINESTRING (16407298.094440017 -3385341.4104013257, 16406386.387987286 -3384581.024259752)"
WALGETT AERODROME,"LINESTRING (16489098.974703416 -3508384.791707208, 16489192.483111238 -3507874.3018889376)"
WALGETT AERODROME,"LINESTRING (16489192.483111238 -3507874.3018889376, 16489359.462410804 -3506963.957698569)"
WALGETT AERODROME,"LINESTRING (16490085.26536669 -3507325.2589132097, 16489192.483111238 -3507874.3018889376)"
WALGETT AERODROME,"LINESTRING (16489192.483111238 -3507874.3018889376, 16488484.491198042 -3508308.9241095968)"
COONAMBLE AERODROME,"LINESTRING (16517860.576506559 -3629845.2287103953, 16517447.581220187 -3630152.9499660884, 16516431.234329661 -3630908.6523132552)"
COONAMBLE AERODROME,"LINESTRING (16517447.58122031 -3630151.651547946, 16516865.380402666 -3629690.721648286)"
COONAMBLE AERODROME,"LINESTRING (16517860.576506559 -3629845.2287103953, 16517447.58122031 -3630151.651547946)"
COONAMBLE AERODROME,"LINESTRING (16517447.58122031 -3630151.651547946, 16516431.234329661 -3630908.6523132552)"
OLYMPIC DAM AERODROME,"LINESTRING (15236167.095723854 -3566320.3381718895, 15237901.45318158 -3565687.3749717483)"
MOUNT MAGNET AERODROME,"LINESTRING (13117603.837518508 -3262736.5984099167, 13118346.338525869 -3264516.2077673757)"
ADELAIDE INTERNATIONAL AIRPORT,"LINESTRING (15421450.54215809 -4156738.9038653052, 15422533.680675406 -4155830.3800668656)"
ADELAIDE INTERNATIONAL AIRPORT,"LINESTRING (15420153.67034166 -4155872.4773214343, 15421450.54215809 -4156738.9038653052)"
ADELAIDE INTERNATIONAL AIRPORT,"LINESTRING (15421450.54215809 -4156738.9038653052, 15421833.481132211 -4156994.227368932)"
ADELAIDE INTERNATIONAL AIRPORT,"LINESTRING (15419534.733948207 -4158348.354455029, 15421450.54215809 -4156738.9038653052)"
ADELAIDE INTERNATIONAL AIRPORT,"LINESTRING (15421450.54215809 -4156738.9038653052, 15422533.680675406 -4155830.3800668656)"
ADELAIDE INTERNATIONAL AIRPORT,"LINESTRING (15420153.67034166 -4155872.4773214343, 15421450.54215809 -4156738.9038653052)"
ADELAIDE INTERNATIONAL AIRPORT,"LINESTRING (15421450.54215809 -4156738.9038653052, 15421833.481132211 -4156994.227368932)"
ADELAIDE INTERNATIONAL AIRPORT,"LINESTRING (15419534.733948207 -4158348.354455029, 15421450.54215809 -4156738.9038653052)"
MERIMBULA AERODROME,"LINESTRING (16686256.804014198 -4427067.402166094, 16687373.338510076 -4425380.080719514)"
BAIRNSDALE AERODROME,"LINESTRING (16427359.980070682 -4563532.389648673, 16427935.50178059 -4563117.710461491)"
BAIRNSDALE AERODROME,"LINESTRING (16426977.041143386 -4562973.845924462, 16427359.980070682 -4563532.389648673)"
BAIRNSDALE AERODROME,"LINESTRING (16426791.137529649 -4563941.443163191, 16427359.980070682 -4563532.389648673)"
BAIRNSDALE AERODROME,"LINESTRING (16427359.980070682 -4563532.389648673, 16427588.184954664 -4563865.273426156)"
,"LINESTRING (16380834.003976416 -4593379.200579592, 16381875.954303766 -4592619.604129268)"
,"LINESTRING (16378266.977002623 -4592976.055542075, 16380834.003976416 -4593379.200579592)"
,"LINESTRING (16379364.586848408 -4594448.671202555, 16380834.003976416 -4593379.200579592)"
MOUNT HOTHAM AERODROME,"LINESTRING (16400527.546127182 -4445317.885511716, 16402050.396409204 -4446337.452115473)"
LONGREACH AERODROME,"LINESTRING (16060177.297903592 -2685009.265401591, 16061711.28044411 -2683555.799847722)"
BARCALDINE AERODROME,"LINESTRING (16175260.488809954 -2699622.841195355, 16175163.640837364 -2699954.377831072)"
BARCALDINE AERODROME,"LINESTRING (16175020.038720408 -2699784.3581685163, 16175163.640837364 -2699954.377831072)"
BARCALDINE AERODROME,"LINESTRING (16175163.640837364 -2699954.377831072, 16175724.69096881 -2700617.4718262996)"
BARCALDINE AERODROME,"LINESTRING (16175163.640837364 -2699954.377831072, 16174733.947533732 -2701425.123410697)"
KIMBA AERODROME,"LINESTRING (15190728.699158695 -3908322.5652944245, 15191226.297230726 -3907728.601859524, 15192018.891922792 -3906779.91753875)"
WUDINNA AERODROME,"LINESTRING (15077860.771440525 -3901606.022996833, 15076716.407300392 -3900007.162809277)"
PARABURDOO AERODROME,"LINESTRING (13106381.688809607 -2653288.503127088, 13108635.908225456 -2652247.1509813764)"
NUMBULWAR AERODROME,"LINESTRING (15108213.210919365 -1606028.6759597752, 15107528.59612165 -1604843.2731167672)"
MALLACOOTA AERODROME,"LINESTRING (16666866.054492008 -4524000.6961434325, 16666999.637970926 -4522976.384640672, 16667037.486622741 -4522691.168987788)"
ORBOST AERODROME,"LINESTRING (16543860.261530176 -4549525.687512706, 16542389.7312659 -4549911.651721646)"
ALBANY AERODROME,"LINESTRING (13113839.061740816 -4155747.551162405, 13114519.223758208 -4156430.629557486, 13115390.85527965 -4157306.6065154453)"
FLINDERS ISLAND AIRPORT,"LINESTRING (16475773.899013948 -4878973.747662523, 16474560.516716663 -4879667.84704632)"
ST HELENS AERODROME,"LINESTRING (16506360.016984528 -5062246.139284476, 16507782.679791573 -5062335.096714538)"
LAUNCESTON AIRPORT,"LINESTRING (16388117.586774029 -5094114.1502146395, 16386689.358217599 -5091883.120265125)"
KARUMBA AERODROME,"LINESTRING (15677113.645736767 -1973910.2690906625, 15677935.183578247 -1972854.2221379005)"
STRAHAN AERODROME,"LINESTRING (16173462.473052884 -5185150.616336234, 16173780.846883237 -5183531.856124975)"
KING ISLAND AIRPORT,"LINESTRING (16017449.380135236 -4848433.444740511, 16015581.43950428 -4847558.762767068)"
DEVONPORT AIRPORT,"LINESTRING (16299299.12774623 -5037382.058550652, 16301669.11930003 -5036805.340747049)"
SMITHTON AERODROME,"LINESTRING (16149669.067896347 -4988577.050723084, 16151642.762153171 -4987825.193250702)"
WYNYARD AIRPORT,"LINESTRING (16221919.854016738 -5011866.270234302, 16222139.15336749 -5011903.143465108)"
WYNYARD AIRPORT,"LINESTRING (16222139.15336749 -5011903.143465108, 16222145.832535496 -5011904.61839705, 16222670.147227125 -5011990.164845553, 16223192.235529369 -5012075.712046585, 16224076.112100912 -5012218.784048765)"
WYNYARD AIRPORT,"LINESTRING (16221845.269955892 -5012041.787958309, 16222139.15336749 -5011903.143465108)"
WYNYARD AIRPORT,"LINESTRING (16222139.15336749 -5011903.143465108, 16223267.932834787 -5011370.707988954)"
CANBERRA AIRPORT,"LINESTRING (16608290.894965362 -4205720.411509152, 16608292.008400027 -4203407.136128941)"
CANBERRA AIRPORT,"LINESTRING (16608290.894965362 -4205720.411509152, 16607262.303118113 -4204855.604309452)"
CANBERRA AIRPORT,"LINESTRING (16608826.341587255 -4206169.210409465, 16608290.894965362 -4205720.411509152)"
CANBERRA AIRPORT,"LINESTRING (16608290.894849462 -4206837.668004081, 16608290.894965362 -4205720.411509152)"
PROSERPINE WHITSUNDAY COAST AIRPORT,"LINESTRING (16535886.657205343 -2331188.04900413, 16537899.313362062 -2332117.38682868)"
PROSERPINE WHITSUNDAY COAST AIRPORT,"LINESTRING (16537058.851315742 -2331611.11765638, 16538148.669084119 -2331172.600256252)"
PROSERPINE WHITSUNDAY COAST AIRPORT,"LINESTRING (16535886.657205343 -2331188.04900413, 16537899.313362062 -2332117.38682868)"
PROSERPINE WHITSUNDAY COAST AIRPORT,"LINESTRING (16537058.851315742 -2331611.11765638, 16538148.669084119 -2331172.600256252)"
YOUNG AERODROME,"LINESTRING (16503003.83771274 -4062430.8982832204, 16502610.87982277 -4063921.83007821)"
TEMORA AERODROME,"LINESTRING (16421318.718580537 -4085044.9213263597, 16421045.98571586 -4086667.0516938088)"
COOTAMUNDRA AERODROME,"LINESTRING (16479258.275853004 -4111972.5560163534, 16479415.236180643 -4113317.181876526)"
ONSLOW AERODROME,"LINESTRING (12814784.751994055 -2470823.055097143, 12814563.226281457 -2471679.4845085507, 12814394.020712193 -2472335.9094994296)"
HOPETOUN AERODROME,"LINESTRING (15847195.19923097 -4261337.409172096, 15847568.119464807 -4261333.296111597)"
HOPETOUN AERODROME,"LINESTRING (15847568.119464807 -4261333.296111597, 15847789.645215577 -4261331.925098662)"
HOPETOUN AERODROME,"LINESTRING (15847285.367949959 -4262105.212524249, 15847568.119464807 -4261333.296111597)"
HOPETOUN AERODROME,"LINESTRING (15847568.119464807 -4261333.296111597, 15847757.362604594 -4260817.801489149)"
,"LINESTRING (15815595.11442974 -1415691.298422348, 15818779.964809703 -1417632.884174646)"
WEIPA AERODROME,"LINESTRING (15798086.785335466 -1422482.8488726742, 15799530.599010244 -1423489.224018545)"
ST GEORGE AERODROME,"LINESTRING (16540845.857294252 -3254911.686512417, 16542077.050654262 -3255640.7508059023)"
ST GEORGE AERODROME,"LINESTRING (16540845.857294252 -3254911.686512417, 16542313.04793481 -3255780.7659086366)"
CHINCHILLA AERODROME,"LINESTRING (16766305.665471906 -3094576.9409520496, 16767051.50588779 -3095504.598863635)"
HALLS CREEK AERODROME,"LINESTRING (14211178.542607883 -2065807.7442070134, 14212243.870048676 -2064695.4550207972)"
FITZROY CROSSING AERODROME,"LINESTRING (13977477.76034411 -2058381.5236395972, 13977064.765085021 -2059695.0079937375)"
BAMYILI AERODROME,"LINESTRING (14791938.969620232 -1633728.882912126, 14792792.790061612 -1634065.8098324107)"
TINDAL AERODROME,"LINESTRING (14735271.786004663 -1633056.1915176366, 14737126.36858823 -1635201.9640254893)"
DERBY AERODROME,"LINESTRING (13767440.158245636 -1964682.9792422515, 13764956.620556014 -1963742.860196149)"
CURTIN AERODROME,"LINESTRING (13786355.56538774 -1989165.190326976, 13782725.437016943 -1987800.1087573809)"
BROOME AERODROME,"LINESTRING (13605213.164513344 -2031277.6140014054, 13607268.122182164 -2031841.6230025121)"
BROOME AERODROME,"LINESTRING (13605213.164513344 -2031277.6140014054, 13607268.122182164 -2031841.6230025121)"
WAGGA WAGGA,"LINESTRING (16415141.591364471 -4186504.6312870346, 16417019.550979182 -4185502.4410175225)"
TUMUT,"LINESTRING (16502036.457852364 -4200962.072769133, 16502086.551739966 -4199704.983764559)"
MARYBOROUGH AERODROME,"LINESTRING (15997357.361474141 -4443378.015740963, 15997517.661411945 -4444674.9179577315)"
MARYBOROUGH AERODROME,"LINESTRING (15997644.565690855 -4443642.961369037, 15998400.424925277 -4443384.987991353)"
STAWELL AERODROME,"LINESTRING (15888290.99537486 -4448274.994326587, 15889888.429740839 -4449010.2262460375, 15889834.996310586 -4450150.145809923)"
BALLARAT AERODROME,"LINESTRING (16007708.953890683 -4510011.786905993, 16007128.979418868 -4510326.126922116)"
BALLARAT AERODROME,"LINESTRING (16007174.62042662 -4510018.803279522, 16007128.979418868 -4510326.126922116)"
BALLARAT AERODROME,"LINESTRING (16007128.979418868 -4510326.126922116, 16006307.44168343 -4510770.990298108)"
BALLARAT AERODROME,"LINESTRING (16007128.979418868 -4510326.126922116, 16006941.96260734 -4511576.564034843)"
ARARAT AERODROME,"LINESTRING (15917867.463304397 -4482046.575828492, 15917418.845810516 -4482355.880916436)"
ARARAT AERODROME,"LINESTRING (15917418.845810516 -4482355.880916436, 15917171.716570798 -4482525.23280252)"
ARARAT AERODROME,"LINESTRING (15917084.88741412 -4482109.555713078, 15917418.845810516 -4482355.880916436)"
ARARAT AERODROME,"LINESTRING (15917418.845810516 -4482355.880916436, 15918345.023763385 -4483036.104323193)"
BALRANALD,"LINESTRING (15982890.308128167 -4113682.406879472, 15983006.080489093 -4112241.695633295)"
ROBINVALE,"LINESTRING (15893186.849812515 -4116044.7552538826, 15893821.370897515 -4114835.102461442)"
SOUTH GOULBURN ISLAND AERODROME,"LINESTRING (14848141.956859745 -1306097.9422265987, 14846291.827007623 -1305774.0080620365)"
DARWIN INTERNATIONAL AIRPORT,"LINESTRING (14567894.037060892 -1392348.6736440784, 14568460.653241327 -1392544.7242062252)"
DARWIN INTERNATIONAL AIRPORT,"LINESTRING (14568460.653241327 -1392544.7242062252, 14571137.886863912 -1393469.1428578822)"
DARWIN INTERNATIONAL AIRPORT,"LINESTRING (14568472.898375958 -1393843.0219366038, 14568460.653241327 -1392544.7242062252)"
DARWIN INTERNATIONAL AIRPORT,"LINESTRING (14568460.653241327 -1392544.7242062252, 14568458.42685345 -1392273.4452891564)"
OENPELLI AERODROME,"LINESTRING (14805714.759926891 -1382416.7591087199, 14806904.76521854 -1383059.413029992)"
MOREE AERODROME,"LINESTRING (16680442.690905139 -3440249.337079652, 16681001.51485849 -3438477.9167031553)"
MOREE AERODROME,"LINESTRING (16679750.283827316 -3439534.344659389, 16680692.046665015 -3438942.1716706115)"
COBAR AIRPORT,"LINESTRING (16228994.322005788 -3703263.8543038764, 16230455.9468079 -3702234.640032)"
MACKAY AERODROME,"LINESTRING (16606321.825973617 -2411370.249789147, 16606886.215666443 -2412261.969693914)"
MACKAY AERODROME,"LINESTRING (16605988.980590036 -2412848.1178948563, 16606886.215666443 -2412261.969693914)"
MACKAY AERODROME,"LINESTRING (16606886.215666443 -2412261.969693914, 16607154.495633487 -2412086.4871531148)"
MACKAY AERODROME,"LINESTRING (16606886.215666443 -2412261.969693914, 16606888.442055758 -2412265.550989113, 16607470.642861985 -2413197.9062139667)"
PORT AUGUSTA AERODROME,"LINESTRING (15330128.51414177 -3829335.8703787774, 15330648.376025343 -3830742.995559655)"
ALBURY AERODROME,"LINESTRING (16358337.478900624 -4309998.214419518, 16360657.37674938 -4309644.286416721)"
WANGARATTA AERODROME,"LINESTRING (16287040.691852545 -4356901.790282367, 16286755.713818356 -4358929.716047899)"
BENALLA AERODROME,"LINESTRING (16253228.513459275 -4376892.052806532, 16254513.140162699 -4376991.827729295)"
,"LINESTRING (16803573.101663012 -4027977.2404423975, 16804219.867764536 -4028401.528522958)"
CAMDEN AERODROME,"LINESTRING (16775346.935049133 -4033445.854152249, 16773603.671987586 -4034249.177309725)"
HOXTON PARK AERODROME,"LINESTRING (16792904.244362526 -4017418.0863944786, 16792599.229142517 -4016134.421728915)"
,"LINESTRING (16783819.466623552 -3975310.619893026, 16786244.00470644 -3976065.7705733026)"
SYDNEY AIRPORT,"LINESTRING (16830197.38110897 -4022025.447476781, 16830816.317067254 -4024911.023276113)"
SYDNEY AIRPORT,"LINESTRING (16828271.5545236 -4019070.8363901554, 16828682.323184762 -4020875.446613951)"
SYDNEY AIRPORT,"LINESTRING (16828682.323184762 -4020875.446613951, 16829479.370235413 -4024367.4054317405)"
SYDNEY AIRPORT,"LINESTRING (16830355.45494521 -4020392.4005274884, 16828682.323184762 -4020875.446613951)"
SYDNEY AIRPORT,"LINESTRING (16828682.323184762 -4020875.446613951, 16827433.31863721 -4021235.0608524266)"
BANKSTOWN AIRPORT,"LINESTRING (16808846.306177977 -4018974.2385844267, 16807552.773976706 -4018104.91450062)"
BANKSTOWN AIRPORT,"LINESTRING (16807549.43442194 -4017837.9594622212, 16807552.773976706 -4018104.91450062)"
BANKSTOWN AIRPORT,"LINESTRING (16807443.680899385 -4018032.473811486, 16807552.773976706 -4018104.91450062)"
BANKSTOWN AIRPORT,"LINESTRING (16807552.773976706 -4018104.91450062, 16807555.000346195 -4018286.0182020343, 16807560.566262297 -4018807.881212837)"
EDINBURGH AERODROME,"LINESTRING (15430821.417114787 -4122568.8177551413, 15430418.440476978 -4125450.372150216)"
PARAFIELD AIRPORT,"LINESTRING (15431654.086104242 -4135842.5853221714, 15432828.506550197 -4135739.564314211)"
PARAFIELD AIRPORT,"LINESTRING (15431494.899243133 -4136132.676053582, 15432697.149557816 -4136020.1633921936)"
PARAFIELD AIRPORT,"LINESTRING (15433125.729516065 -4136277.724329895, 15433458.57477106 -4135673.143371848)"
PARAFIELD AIRPORT,"LINESTRING (15432713.847428018 -4137024.684532111, 15432889.732210577 -4136725.0810685935)"
PARAFIELD AIRPORT,"LINESTRING (15433100.126060417 -4135819.541127209, 15432296.399390519 -4137293.114353491)"
BARROW ISLAND LANDING GROUND,"LINESTRING (12846527.496098856 -2376283.7286955747, 12846890.39756229 -2375547.4883258324, 12847501.541437564 -2374302.6199815944)"
BREWARRINA AERODROME,"LINESTRING (16342822.956401223 -3501077.8493899363, 16343740.229002163 -3499779.906110863)"
BREWARRINA AERODROME,"LINESTRING (16342822.956401223 -3501077.8493899363, 16343740.229002163 -3499779.906110863)"
BOURKE AIRPORT,"LINESTRING (16245618.788619598 -3509314.5057287365, 16247486.72951831 -3508343.6218039007)"
KARRATHA AERODROME,"LINESTRING (13000574.732850043 -2357589.234230901, 12999657.460328847 -2357682.063343324, 12998362.814767988 -2357812.9770064293, 12998371.720325967 -2357803.4559855205)"
PERTH INTERNATIONAL AIRPORT,"LINESTRING (12908609.342323821 -3753727.671877514, 12909553.331484905 -3753945.401334329)"
PERTH INTERNATIONAL AIRPORT,"LINESTRING (12909553.331484905 -3753945.401334329, 12910693.242926978 -3754244.4578491896, 12909262.78772943 -3755103.631066959)"
PERTH INTERNATIONAL AIRPORT,"LINESTRING (12909262.78772943 -3755103.631066959, 12909553.331484905 -3753945.401334329)"
PERTH INTERNATIONAL AIRPORT,"LINESTRING (12908442.363232497 -3755620.47620088, 12909262.78772943 -3755103.631066959)"
PERTH INTERNATIONAL AIRPORT,"LINESTRING (12908563.701605765 -3757898.0068096756, 12909262.78772943 -3755103.631066959)"
PERTH INTERNATIONAL AIRPORT,"LINESTRING (12910187.852530288 -3754547.4569886895, 12909262.78772943 -3755103.631066959)"
PERTH INTERNATIONAL AIRPORT,"LINESTRING (12909262.78772943 -3755103.631066959, 12909401.937037509 -3754547.457039383)"
PERTH INTERNATIONAL AIRPORT,"LINESTRING (12908442.363232497 -3755620.47620088, 12909262.78772943 -3755103.631066959)"
PERTH INTERNATIONAL AIRPORT,"LINESTRING (12908563.701605765 -3757898.0068096756, 12909262.78772943 -3755103.631066959)"
ROTTNEST ISLAND AERODROME,"LINESTRING (12861195.039064238 -3764184.4442613153, 12862719.002675697 -3764191.007915076)"
ROTTNEST ISLAND AERODROME,"LINESTRING (12861195.039064238 -3764184.4442613153, 12862719.002675697 -3764191.007915076)"
JANDAKOT AIRPORT,"LINESTRING (12898989.114769196 -3776501.7249989603, 12900334.967158642 -3775556.9264730047)"
JANDAKOT AIRPORT,"LINESTRING (12898866.663343024 -3776441.276704825, 12898989.114769196 -3776501.7249989603)"
JANDAKOT AIRPORT,"LINESTRING (12899383.185713107 -3776550.3466546256, 12900483.022072563 -3775750.085047918)"
JANDAKOT AIRPORT,"LINESTRING (12898989.114769196 -3776501.7249989603, 12899933.103942549 -3776922.2432909426)"
JANDAKOT AIRPORT,"LINESTRING (12898989.114769196 -3776501.7249989603, 12900334.967158642 -3775556.9264730047)"
JANDAKOT AIRPORT,"LINESTRING (12898866.663343024 -3776441.276704825, 12898989.114769196 -3776501.7249989603)"
JANDAKOT AIRPORT,"LINESTRING (12899383.185713107 -3776550.3466546256, 12900483.022072563 -3775750.085047918)"
JANDAKOT AIRPORT,"LINESTRING (12898989.114769196 -3776501.7249989603, 12899933.103942549 -3776922.2432909426)"
BLACKWATER AERODROME,"LINESTRING (16565140.270759076 -2704194.557913272, 16564952.140683739 -2705896.5213110074)"
BIRDSVILLE AERODROME,"LINESTRING (15511472.433658028 -2985184.4886808866, 15512281.726202803 -2986524.6141319396)"
SEA LAKE AERODROME,"LINESTRING (15905757.036081731 -4236117.623772484, 15907208.641993795 -4236313.231801251)"
SWAN HILL AERODROME,"LINESTRING (15977132.857323313 -4214944.178816647, 15978951.817510093 -4214979.675358474)"
KERANG AERODROME,"LINESTRING (16022732.649087168 -4266030.092180561, 16023363.830416074 -4267078.059013669)"
TIBOOBURRA AERODROME,"LINESTRING (15813437.623749264 -3433960.220540644, 15814005.353142194 -3432991.1758896606)"
BOULIA AERODROME,"LINESTRING (15573391.685695276 -2620826.0553894863, 15573579.815601299 -2621143.8949049297, 15574074.074052474 -2621981.425516814)"
NEWMAN AERODROME,"LINESTRING (13335483.859058386 -2683332.536831598, 13337317.290837968 -2682091.5101880734)"
,"LINESTRING (12877809.47271297 -3795142.221353218, 12878193.524876447 -3794771.0746713583)"
,"LINESTRING (12877809.47271297 -3795142.221353218, 12878193.524876447 -3794771.0746713583)"
BROKEN HILL AIRPORT,"LINESTRING (15749116.096590092 -3763308.8663153634, 15749804.050975705 -3762838.9449666305)"
BROKEN HILL AIRPORT,"LINESTRING (15747373.946730359 -3764496.877805297, 15749116.096590092 -3763308.8663153634)"
BROKEN HILL AIRPORT,"LINESTRING (15749116.096590092 -3763308.8663153634, 15749804.050975705 -3762838.9449666305)"
CARNARVON AIRPORT,"LINESTRING (12654277.672700547 -2860474.6548265107, 12653286.92941101 -2861533.623468135)"
CARNARVON AIRPORT,"LINESTRING (12653280.250194045 -2860856.267723504, 12653286.92941101 -2861533.623468135)"
CARNARVON AIRPORT,"LINESTRING (12653286.92941101 -2861533.623468135, 12653017.536291793 -2861820.772558329)"
CARNARVON AIRPORT,"LINESTRING (12653286.92941101 -2861533.623468135, 12653292.495430134 -2862168.058384175)"
SNAKE BAY AERODROME,"LINESTRING (14544303.21231621 -1280048.2653057184, 14543159.96119927 -1279106.7930851672)"
GARDEN POINT AERODROME,"LINESTRING (14518504.921422727 -1277952.9875541148, 14519407.722459884 -1276924.136841885)"
BATHURST ISLAND AERODROME,"LINESTRING (14540468.255800385 -1319572.0046919356, 14539717.962472515 -1318262.0879714866)"
GOONDIWINDI AERODROME,"LINESTRING (16733052.288579343 -3315555.9503760077, 16734083.107060272 -3314419.482868855)"
INVERELL AIRPORT,"LINESTRING (16825618.868885674 -3490428.3787240717, 16825234.816946004 -3488009.3868633755)"
WEST SALE AERODROME,"LINESTRING (16359164.555778928 -4592087.776089827, 16361074.797877438 -4592422.9930866)"
LATROBE VALLEY AERODROME,"LINESTRING (16304482.203328785 -4609944.362180184, 16305777.962095736 -4608663.616389324)"
LEONGATHA AERODROME,"LINESTRING (16236722.037484717 -4650115.061396347, 16237604.80096196 -4649329.931850994)"
YARRAM AERODROME,"LINESTRING (16335941.081097841 -4660475.314478108, 16337184.51965067 -4659846.000699671)"
TAROOM AERODROME,"LINESTRING (16686115.57729244 -2974109.423226946, 16687161.980311826 -2975015.7520542745)"
MORANBAH AIRPORT,"LINESTRING (16483654.4271038 -2517611.8972393186, 16483874.839536352 -2519250.207301237)"
DYSART AERODROME,"LINESTRING (16515270.267068483 -2585628.6699311505, 16516197.558222592 -2587036.045390193)"
CLERMONT AERODROME,"LINESTRING (16432636.701570055 -2603984.590428745, 16433152.1106544 -2605317.465629309)"
WARREN AERODROME,"LINESTRING (16454791.404878134 -3728573.6048969026, 16453413.269787475 -3728357.640431023)"
WARREN AERODROME,"LINESTRING (16453072.632197157 -3728296.1239888407, 16452120.850577159 -3729392.9952333025)"
NYNGAN AERODROME,"LINESTRING (16386326.589917768 -3703674.010662405, 16386070.555025252 -3704766.050026432)"
NYNGAN AERODROME,"LINESTRING (16386070.555025252 -3704766.050026432, 16386027.140413014 -3704951.549686908)"
NYNGAN AERODROME,"LINESTRING (16387455.369378692 -3703947.0114403274, 16386070.555025252 -3704766.050026432)"
NYNGAN AERODROME,"LINESTRING (16386070.555025252 -3704766.050026432, 16385795.595905188 -3704929.3418108625)"
COOLAH AERODROME,"LINESTRING (16654455.129563786 -3733650.549074036, 16655749.775069147 -3733654.4775116863)"
POONCARIE AERODROME,"LINESTRING (15872066.21802489 -3945235.5896837814, 15873191.65794909 -3944671.730561988)"
POONCARIE AERODROME,"LINESTRING (15872066.21802489 -3945235.5896837814, 15873191.65794909 -3944671.730561988)"
WINTON AERODROME,"LINESTRING (15928673.377741233 -2555734.052575207, 15927898.594238246 -2554424.4066235945)"
,"LINESTRING (16891458.80780082 -3173708.6635658387, 16891294.054959744 -3173826.528222286)"
,"LINESTRING (16891294.054959744 -3173826.528222286, 16890633.930400673 -3174297.996872832)"
,"LINESTRING (16889970.466268316 -3174665.4024315947, 16891029.11449217 -3174844.7200935395)"
,"LINESTRING (16892372.740544565 -3175372.6546070757, 16891294.054959744 -3173826.528222286)"
TOOWOOMBA AERODROME,"LINESTRING (16911893.722585298 -3191747.3682903266, 16910759.37715701 -3191191.1879012994)"
,"LINESTRING (17000763.40076944 -3203243.8675071714, 17000014.220616244 -3203798.021470654)"
,"LINESTRING (17000014.220616244 -3203798.021470654, 16999051.3074009 -3201308.9013257925)"
,"LINESTRING (17000014.220616244 -3203798.021470654, 16999398.623848546 -3204252.921916513)"
,"LINESTRING (17000321.46228954 -3204592.222260361, 17000014.220616244 -3203798.021470654)"
MAREEBA AERODROME,"LINESTRING (16189258.969859282 -1929284.3507341035, 16188329.45219316 -1928965.2769514539, 16187523.499151343 -1928682.3066789808)"
HAMILTON ISLAND AERODROME,"LINESTRING (16580664.920368748 -2314668.712752093, 16581726.908093395 -2316207.5280404715)"
ECHUCA AERODROME,"LINESTRING (16114847.281839915 -4322332.31085009, 16114877.337984804 -4323693.218458047)"
ECHUCA AERODROME,"LINESTRING (16114434.286591135 -4322397.112054556, 16115040.977747386 -4322028.991082374)"
MANGALORE AERODROME,"LINESTRING (16162597.76104883 -4422799.446639631, 16162418.536687434 -4422930.2701301845)"
MANGALORE AERODROME,"LINESTRING (16162430.78183606 -4422852.332529443, 16162418.536687434 -4422930.2701301845)"
MANGALORE AERODROME,"LINESTRING (16162418.536687434 -4422930.2701301845, 16160539.463880304 -4424297.054395414)"
MANGALORE AERODROME,"LINESTRING (16162418.536687434 -4422930.2701301845, 16162159.162172666 -4424615.810606585)"
SHEPPARTON AERODROME,"LINESTRING (16185057.58328648 -4358884.053667033, 16184868.340098226 -4359869.1010691365)"
SHEPPARTON AERODROME,"LINESTRING (16184868.340098226 -4359869.1010691365, 16184859.434536485 -4359914.758546582, 16184789.303237768 -4360274.490915335)"
SHEPPARTON AERODROME,"LINESTRING (16184803.774805252 -4359856.649057685, 16184868.340098226 -4359869.1010691365)"
SHEPPARTON AERODROME,"LINESTRING (16184868.340098226 -4359869.1010691365, 16185453.880514106 -4359978.402679698)"
BENDIGO AERODROME,"LINESTRING (16066976.562541783 -4402578.724825009, 16066630.358966634 -4402784.312055573)"
BENDIGO AERODROME,"LINESTRING (16066630.358966634 -4402784.312055573, 16066214.024120634 -4403031.577624134)"
BENDIGO AERODROME,"LINESTRING (16066660.41529073 -4401964.764822339, 16066630.358966634 -4402784.312055573)"
BENDIGO AERODROME,"LINESTRING (16066630.358966634 -4402784.312055573, 16066605.868627993 -4403458.054838561)"
,"LINESTRING (16717370.786737526 -2567618.2978448537, 16718314.775773648 -2569351.838066958)"
COEN AERODROME,"LINESTRING (15931026.734148366 -1546717.642404418, 15932241.229701225 -1547234.53309146)"
BALLINA AERODROME,"LINESTRING (17093350.020213906 -3354736.605081275, 17095417.22299484 -3354117.759738055)"
LISMORE AERODROME,"LINESTRING (17060294.814551752 -3353214.318502097, 17061027.296518333 -3354956.4446085175)"
CASINO AERODROME,"LINESTRING (17037521.074924268 -3360219.793850722, 17039249.866363466 -3360705.43470552)"
CASINO AERODROME,"LINESTRING (17037521.074924268 -3360219.793850722, 17039249.866363466 -3360705.43470552)"
LEARMONTH AERODROME,"LINESTRING (12700444.065174535 -2541355.219227531, 12700680.062235286 -2537865.240683736)"
PORT HEDLAND AIRPORT,"LINESTRING (13204898.299345631 -2317398.464675833, 13206701.675039645 -2319373.357627348)"
PORT HEDLAND AIRPORT,"LINESTRING (13205699.799643388 -2318050.4051775374, 13205759.912112502 -2316979.2874340056)"
GLADSTONE AERODROME,"LINESTRING (16835057.725312363 -2737820.58990975, 16833419.10261948 -2737208.281669563)"
ROCKHAMPTON AIRPORT,"LINESTRING (16751372.198286567 -2679326.0272457567, 16750664.206554012 -2677623.2494523907)"
ROCKHAMPTON AIRPORT,"LINESTRING (16750664.206554012 -2677623.2494523907, 16750284.60721652 -2676674.9143911516)"
ROCKHAMPTON AIRPORT,"LINESTRING (16751139.540772378 -2677259.4314952404, 16750664.206554012 -2677623.2494523907)"
ROCKHAMPTON AIRPORT,"LINESTRING (16750664.206554012 -2677623.2494523907, 16749735.802015128 -2678333.930947804)"
KALKGURUNG AERODROME,"LINESTRING (14561326.183455897 -1971302.3031997764, 14562109.872625127 -1970113.37871283)"
BLACKALL AERODROME,"LINESTRING (16189922.36956572 -2805745.3750322754, 16188235.87939114 -2806467.9789205743)"
CUNNAMULLA AERODROME,"LINESTRING (16210337.21424275 -3252313.5815780223, 16210818.11435481 -3252720.916998348)"
CUNNAMULLA AERODROME,"LINESTRING (16209721.617463695 -3253154.748841156, 16210818.11435481 -3252720.916998348)"
CUNNAMULLA AERODROME,"LINESTRING (16210818.11435481 -3252720.916998348, 16211841.140287692 -3253586.072410843)"
MOOMBA AERODROME,"LINESTRING (15605879.129300352 -3260796.96523915, 15607606.807520803 -3262084.1345024407)"
WAIKERIE AERODROME,"LINESTRING (15587138.451661255 -4053933.430860786, 15588502.115218727 -4053823.082051509)"
RENMARK AERODROME,"LINESTRING (15658168.06805858 -4055829.7195557994, 15660224.13877347 -4055209.2538978322)"
LOXTON AERODROME,"LINESTRING (15658638.947184527 -4093016.0566756097, 15660365.51221678 -4093022.8087001797)"
HAMILTON AERODROME,"LINESTRING (15814276.899205308 -4530682.886018407, 15814283.578498853 -4528908.590037111)"
PORTLAND AERODROME,"LINESTRING (15747401.720463742 -4624763.806117397, 15749237.378540209 -4624707.051093888)"
WARRNAMBOOL AERODROME,"LINESTRING (15857623.581492126 -4621756.222406539, 15856455.840338185 -4620455.5693945)"
ARGYLE AERODROME,"LINESTRING (14298646.712228399 -1879595.1042905913, 14299504.985437889 -1877335.3564417716)"
ROMA AERODROME,"LINESTRING (16561782.842306007 -3065803.510914358, 16561579.127567694 -3066798.97799262, 16561370.960047815 -3067820.648279938)"
BALGO HILL AERODROME,"LINESTRING (14245892.411261313 -2290429.081139213, 14246821.928940054 -2291879.3063989948)"
ALICE SPRINGS AIRPORT,"LINESTRING (14904254.74019006 -2728704.0399006126, 14904280.343652993 -2729476.620734334)"
ALICE SPRINGS AIRPORT,"LINESTRING (14904280.343652993 -2729476.620734334, 14904293.701980807 -2729909.7691893643)"
ALICE SPRINGS AIRPORT,"LINESTRING (14904280.343652993 -2729476.620734334, 14904941.58137082 -2729093.3672692943, 14907319.365424952 -2730484.0742823244)"
COOKTOWN AERODROME,"LINESTRING (16160883.646729505 -1740008.2726469599, 16162427.647937011 -1740618.0555018012)"
CAIRNS AIRPORT,"LINESTRING (16224978.054223984 -1906974.4209571108, 16225689.385693539 -1907414.1612875185)"
CAIRNS AIRPORT,"LINESTRING (16225447.822352903 -1908248.2959920876, 16224735.377761547 -1906805.739835639, 16223993.990122592 -1905112.020621891)"
MILDURA AERODROME,"LINESTRING (15817314.840121215 -4059586.8971466613, 15817356.028356008 -4059149.327068401)"
MILDURA AERODROME,"LINESTRING (15815540.407735882 -4059211.2589151138, 15817314.840121215 -4059586.8971466613)"
MILDURA AERODROME,"LINESTRING (15817314.840121215 -4059586.8971466613, 15817704.458273597 -4059669.0275935926)"
MILDURA AERODROME,"LINESTRING (15817226.89767358 -4060526.7201203164, 15817314.840121215 -4059586.8971466613)"
WENTWORTH AERODROME,"LINESTRING (15795263.566912975 -4039505.6740048346, 15795252.434901733 -4040468.0313279377)"
WENTWORTH AERODROME,"LINESTRING (15795252.434901733 -4040468.0313279377, 15795251.321700038 -4040572.8740523546)"
WENTWORTH AERODROME,"LINESTRING (15795955.973975081 -4040481.4726960324, 15795252.434901733 -4040468.0313279377)"
WENTWORTH AERODROME,"LINESTRING (15795252.434901733 -4040468.0313279377, 15794621.253486251 -4040455.934110382)"
THANGOOL AERODROME,"LINESTRING (16763146.446553417 -2814160.788675464, 16761642.520429794 -2813610.3044640194)"
BEDOURIE AERODROME,"LINESTRING (15524091.619033974 -2795196.232066031, 15525001.099116359 -2796551.286446191)"
AYERS ROCK AERODROME,"LINESTRING (14579153.990768094 -2897591.3529966655, 14581439.379650466 -2899483.3045649454)"
HOOKER CREEK AERODROME,"LINESTRING (14543981.49411028 -2076948.0545893048, 14542148.062234791 -2076572.7815499506)"
KALUMBURU AERODROME,"LINESTRING (14096380.320888208 -1607550.7032138417, 14097549.175465666 -1606604.158695652)"
LEINSTER AERODROME,"LINESTRING (13435731.524741376 -3229179.7568667806, 13437872.198305368 -3229596.472407352)"
MOUNT KEITH AERODROME,"LINESTRING (13419041.392694138 -3158957.035118977, 13421082.991950529 -3159891.4634049023)"
GOULBURN AERODROME,"LINESTRING (16666939.566820852 -4138484.9556008396, 16668087.270707952 -4137450.476956874)"
FORREST AERODROME,"LINESTRING (14261533.917179625 -3612866.0681403033, 14261527.238006316 -3611605.8255636957)"
FORREST AERODROME,"LINESTRING (14261527.238006316 -3611605.8255636957, 14261523.898420095 -3611089.837143564, 14261521.672030596 -3611092.429996719)"
FORREST AERODROME,"LINESTRING (14261158.77054289 -3611583.7854212746, 14261527.238006316 -3611605.8255636957)"
FORREST AERODROME,"LINESTRING (14261527.238006316 -3611605.8255636957, 14262769.563351296 -3611683.614613975)"
TELFER AERODROME,"LINESTRING (13605708.550166532 -2476810.5278185694, 13607535.302880317 -2477927.2762868293)"
